Image_ID,caption,danger
1,Hillside wildfire with heavy smoke; flames approaching tree line indicating minor impact.,Low
2,Partial building collapse with debris field; responders onsite indicating moderate impact.,Medium
3,Flooded street with stranded vehicles and rising water near homes indicating minor impact.,Low
4,Hillside wildfire with heavy smoke; flames approaching tree line indicating severe impact.,High
5,Flooded street with stranded vehicles and rising water near homes indicating moderate impact.,Medium
6,Strong winds and debris; power lines down across the road indicating minor impact.,Low
7,Hillside wildfire with heavy smoke; flames approaching tree line indicating severe impact.,High
8,Flooded street with stranded vehicles and rising water near homes indicating moderate impact.,Medium
9,Strong winds and debris; power lines down across the road indicating moderate impact.,Medium
10,Partial building collapse with debris field; responders onsite indicating severe impact.,High
11,Flooded street with stranded vehicles and rising water near homes indicating moderate impact.,Medium
12,Collapsed walls and cracked roads; people gathering near damaged buildings indicating moderate impact.,Medium
13,Hillside wildfire with heavy smoke; flames approaching tree line indicating severe impact.,High
14,Strong winds and debris; power lines down across the road indicating severe impact.,High
15,Collapsed walls and cracked roads; people gathering near damaged buildings indicating severe impact.,High
16,Partial building collapse with debris field; responders onsite indicating minor impact.,Low
17,Strong winds and debris; power lines down across the road indicating minor impact.,Low
18,Hillside wildfire with heavy smoke; flames approaching tree line indicating severe impact.,High
19,Hillside wildfire with heavy smoke; flames approaching tree line indicating moderate impact.,Medium
20,Strong winds and debris; power lines down across the road indicating moderate impact.,Medium
