Image_ID,Generated_Report,Danger_Level,flag
1,[SIMULATED] Type: earthquake | Danger: Low | Action: Perimeter monitoring and aftershock watch.,Low,SIMULATED
2,[SIMULATED] Type: flood | Danger: Medium | Action: Establish sandbag barriers and relocate vehicles.,Medium,SIMULATED
3,[SIMULATED] Type: wildfire | Danger: High | Action: Evacuate downwind communities and deploy firebreaks.,High,SIMULATED
4,[SIMULATED] Type: hurricane | Danger: Low | Action: Port closures and coastal surveillance.,Low,SIMULATED
5,[SIMULATED] Type: building collapse | Danger: Medium | Action: Structural assessment and controlled access.,Medium,SIMULATED
6,[SIMULATED] Type: earthquake | Danger: High | Action: Rapid search-and-rescue and medical triage.,High,SIMULATED
7,[SIMULATED] Type: flood | Danger: Low | Action: Monitor water levels and issue advisories.,Low,SIMULATED
8,[SIMULATED] Type: wildfire | Danger: Medium | Action: Contain perimeter and protect critical assets.,Medium,SIMULATED
9,[SIMULATED] Type: hurricane | Danger: High | Action: Mass evacuation and urban search-and-rescue.,High,SIMULATED
10,[SIMULATED] Type: building collapse | Danger: Low | Action: Perimeter control and debris inspection.,Low,SIMULATED
11,[SIMULATED] Type: earthquake | Danger: Medium | Action: Assess structural integrity and cordon hazardous zones.,Medium,SIMULATED
12,[SIMULATED] Type: flood | Danger: High | Action: Immediate evacuation and swift-water rescue.,High,SIMULATED
13,[SIMULATED] Type: wildfire | Danger: Low | Action: Aerial monitoring and readiness alerts.,Low,SIMULATED
14,[SIMULATED] Type: hurricane | Danger: Medium | Action: Secure shelters and distribute emergency supplies.,Medium,SIMULATED
15,[SIMULATED] Type: building collapse | Danger: High | Action: USAR team deployment and area lockdown.,High,SIMULATED
16,[SIMULATED] Type: earthquake | Danger: Low | Action: Perimeter monitoring and aftershock watch.,Low,SIMULATED
17,[SIMULATED] Type: flood | Danger: Medium | Action: Establish sandbag barriers and relocate vehicles.,Medium,SIMULATED
18,[SIMULATED] Type: wildfire | Danger: High | Action: Evacuate downwind communities and deploy firebreaks.,High,SIMULATED
19,[SIMULATED] Type: hurricane | Danger: Low | Action: Port closures and coastal surveillance.,Low,SIMULATED
20,[SIMULATED] Type: building collapse | Danger: Medium | Action: Structural assessment and controlled access.,Medium,SIMULATED
